{
  "project_info": {
    "project_number": "589717280313",
    "project_id": "firebse-calendar-app",
    "storage_bucket": "firebse-calendar-app.appspot.com"
  },
  "client": [
    {
      "client_info": {
        "mobilesdk_app_id": "1:589717280313:android:6d38a40310b675f19f5fe8",
        "android_client_info": {
          "package_name": "com.example.firebasecalendar"
        }
      },
      "oauth_client": [],
      "api_key": [
        {
          "current_key": "AIzaSyBLIaz6IueRjewpt1HsJXDTa_6h32hy_Kg"
        }
      ],
      "services": {
        "appinvite_service": {
          "other_platform_oauth_client": []
        }
      }
    }
  ],
  "configuration_version": "1"
}